Name,Location,Area,Zip Code,Open/Close Dates,Day,Time,EBT/Boston Bounty Bucks,SNAP,Map Location,Vendors
Allston Harvard,200 North Harvard St.,Allston,2134,June 14 - Oct 25,Fridays,3-7pm,Yes,Yes,"200 Harvard St Allston
","Silvia Farms, Red's Best, Aruna's Granola, Sweet Lydia's Marshmallows, Soluna Gardens  "
Allston Village/Union Square,500 Cambridge St.,Allston,2134,May 15 - Oct 26,Saturdays,11am-3pm,Yes,Yes,"500 Cambridge St Allston
",Marshalls Farms Stand
Ashmont/Peabody,1900 Dorchester Ave.,Dorchester,2124,June 21 - Oct 18,Fridays,3pm-7pm,Yes,Yes,"1900 Dorchester Ave Dorchester
","Langwater Farm, Spring Brook Farm, Cedar Grove Gardens, Red's Best Fish"
Beth Israel Deaconess,330 Brookline Ave,Boston,2215,June 12 - Oct 23,Wednesday,12pm-3:30 pm,No,No,"330 Brookline Ave Boston
",Wards Berry Farm
Boston City Hall,1 City Hall Plaza ,Boston,2108,May 20 - Nov 27,Monday and Wednesday,11am - 6pm,Yes,Yes,"1 City Hall Plaza&nbsp; Boston
","Danish Pastry House, Fastachi Nuts, Freitas Farm,  MacArthur Farm, Noquochoke Orchards, Pain D'Avignon, Q's Nuts, Red's Best Seafood, Seta’s Mediterranean Foods,  Silverbrook Farm, Stillman's Greenhouses & Farmstand, Valicenti Organico, When Pigs Fly Bakery, Union Square Donuts, Spindrift Soda"
Boston Medical Center,850 Harrison Ave. ,Boston,2118,June 14 - Oct 25,Friday ,11:30am -2:30 pm,Yes,Yes,"850 Harrison Ave &nbsp; Boston
",Farmer Dave's
Boston University,775 Commonwealth Ave.,Allston,2215,Sept 5 -  Oct 24,Thursday,11am-3pm,No,No,"775 Commonwealth Ave Allston
","Ward’s Berry Farm, Danish Pastry House, Marshall’s Farm Stand, Taza Chocolate, Q’s Nuts,  Follow the Honey, AKA Marvelicious"
Bowdoin Geneva,230 Bowdoin St.,Dorchester,2122,June 20 - Oct 31,Thursday,2:30pm -6:30 pm,Yes,Yes,"230 Bowdoin St Dorchester
","Powisset Farm, Red's Best"
Charlestown,1 Thompson Sq.,Charlestown,2129,July - Oct,Wednesday,2:00pm - 7pm,No,No,"1 Thompson Sq Charlestown
",Stillman's Farm
Codman Square,6 Norfolk St.,Dorchester,2124,June 20 - Oct 24,Thursday,1pm - 6pm,Yes,Yes,"6 Norfolk St Dorchester
",Silverbrook Farm; Ferrera Greenhouse; Great Cape Baking Co.; Cape Cod Fish Share; Mother’s Juice; Looking Good; Prime Taste of Africa
Copley Square,261 Dartmouth St.,Boston,2116,May 14- Nov 26,Tuesday and Friday,11am - 6pm,Yes,Yes,"261 Dartmouth St Boston
","Atlas Farm, Cape Cod Fish, Cook's Farm Orchard, Crystal Brook Farm, Danish Pastry House, Dick's Market Garden, Fastachi, Fiore di Nonno, Foppema's Farm, Gilson Herbs, Grass Roots Farm, Hamilton Orchards, Hickory Nut Farm, Iggy's Bread Ltd., MacArthur Farm, Maine Homestead, Narragansett Creamery, Nella Pasta, New Breadsong Corner Bakery, Red's Best, Siena Farms, Seta's Mediterranean Foods, Silverbrook Farm, Sofra, Sprouted Raw Foods, Stillman's at the Turkey Farm, Stow Greenhouses, Valicenti Organico, Violette"
Corey St,120 Corey St,West Roxbury,2132,June 23 - Oct 26,Sundays,11am - 3pm,No,No,"120 Corey St West Roxbury
",Silverbrook Farm
Dewey Square,200 Atlantic Ave.,Boston,2109,May 21 - Nov 26,Tuesday and Thursday,11:30am - 6:30pm,Yes,Yes,"200 Atlantic Ave Boston
","Craquelines, Cuisine en Locale, Culinary Cruisers, Freitas Farm, Kimball Fruit Farm,  Lawton’s Family Farm, Lilac Hedge Farm, Pain D’Avignon, Q’s Nuts, Red’s Best Seafood, Red Fire Farm, Seacoast Butters, Sprouted Raw Foods, Swissbakers, Valicenti Organico, When Pigs Fly Bread, Baking With Joy, Culinary Cruisers, Lilac Hedge Farm, Matt’s Amazing Smokehouse, Pleasant Valley Gardens, Q’s Nuts, Seta’s Mediterranean Foods, Stow Greenhouses, Violette Gluten Free"
Dorchester House,1353 Dorchester Ave. ,Dorchester,2122,June 25 - Oct 8,Tuesday  ,11:30am - 2pm,Yes,Yes,"1353 Dorchester Ave &nbsp; Dorchester
","ReVision House, Noons Farm"
Dudley Town,390 Dudley St.,Dorchester,2119,June 4 - Oct 29,Tuesdays,3pm - 7pm,Yes,Yes,"390 Dudley St Dorchester
",The Food Project
East Boston,230 Meridian St.,East Boston,2128,July 11 - Oct 17,Thursday,3pm - 6:30pm,Yes,Yes,"230 Meridian St East Boston
",Stillman's
Egleston,45 Brookside Ave,Jamaica Plain,2130,June 2 - Oct 12,Saturday,10am - 2pm,Yes,Yes,"45 Brookside Ave Jamaica Plain
","Asulia Foods, The Buckle Farm, The Cupcakory, The Food Project, Foxboro Cheese Co., The Dining Car, Doves and Figs, Great Cape Baking Co., Hickory Nut Farm, John Crow Farm, Mei-Mei Street Kitchen, Nola’s Fresh Foods, Red’s Best Fish, Siena Farms, Simpson Spring, Soluna Garden Farm, Urban Hydr-O Farmers, Velma’s Kettle Corn, Westport Rivers Winery "
Field's Corner,1520 Dorchester Ave.,Dorchester,2122,July 6 - Oct 23,Saturday,9am - 12pm,Yes,Yes,"1520 Dorchester Ave Dorchester
","Berberian Farm,  Song V Yang Farm,  Lang Her Farm"
Jamaica Plain,677 Centre St. ,Jamaica Plain,2130,June - Thanksgiving,Tuesday,12pm - 5pm,No,No,"677 Centre St &nbsp; Jamaica Plain
","Stillman’s Farm, Alex’s Ugly Sauce, Stillman’s at the Turkey Farm, Golden Rule Apiary, Still Life Farm, The Cupcakory, Flats Mentor Farm."
Loring-Greenough House,12 South St.,Jamaica Plain,2130,June - Thanksgiving,Thursday,2 pm - dusk,No,No,"12 South St
Jamaica, Plain
","Stillman's Farm, Stillman's at the Turkey Farm, Buckle Farm"
Mattapan,525 River St. ,Mattapan,2126,July 13 - Oct 12,Saturday,10am - 2pm,Yes,Yes,"525 River St &nbsp; Mattapan
","Reds Best, SBA Family Farms, City Harvest, Pioneer Valley/New England Growers Co-OP, Pink’s Pastries, Ancient Baking Company, Inc, Prime “A Taste of Africa”"
Mission Hill - Brigham Circle,720 Huntington Ave.,Mission Hill,2115,June 20 - Nov 21,Thursday,11am - 6pm,Yes,Yes,"720 Huntington Ave Mission Hill
","Gary's Two, MacArthur Farm"
Mission Hill - Roxbury Crossing,1420 Tremont St,Mission Hill,2120,June 18 - Nov 26,Tuesday,2pm - 7pm,Yes,Yes,"1420 Tremont St Mission Hill
","Gary's Two, MacArthur Farm, Red's Best Seafood"
Prudential Center,800 Boylston St.,Boston,2199,May 16 - Oct 24,Thursday,11am - 6pm,Yes,Yes,"800 Boylston St Boston
","Gilson's (The Herb Lyceum), MacArthur Farm, Q's Nuts, Swiss Bakers"
ReVision Urban Farm Stand,1062 Blue Hill Ave. ,Dorchester,2124,July 5 - Oct 12,"Thurs, Fri and Sat","2-6pm, Sat 10am - 1pm",Yes,Yes,"1062 Blue Hill Ave &nbsp; Dorchester
",ReVision Urban Farm
Roslindale,1-9 Cummins Highway,Roslindale,2131,June 1 - Nov 23,Saturday,9am - 1:30pm,Yes,Yes,"1 9 Cummins Highway Roslindale
","Allandale Farm, Brookwood Community Farm, Henwyn Farm, Hickory Nut Farm, John Crow Farm, Lawtons Family Farm/Foxborough Cheese, MacArthur Farm, Neighborhood Farm, Nutting Farm, Sweetgrass Herbals, Two Field Farm, Alex’s Ugly Sauce, A.K.A Marvelicious, The Cupcakory, DOOS P.K. - The Caviar of Vegan Treats, Fastashi, Follow The Honey, Inc., Fornax Bread Company, Gay Grace Teas, Heirloom Kitchen, Le Petit Goute, McCrea’s Candies, Mykl’s Coffee Company, NoLa’s Fresh Foods, Purely Pears, Samira’s Homemade, Soluna Garden Farm, Soula’s Homemade Salsa, Sprouted Raw Foods, Stir it up Cuisine, Taza Chocolate, Tony’s Market, Two Girls Toffee, Walters Specialty Foods, Violette Gluten Free Bakery, Vision’s Sown "
South Boston,W 446 W. Broadway St. ,South Boston,2127,May 13 - Nov 19,Monday,12pm-6pm,Yes,Yes,"446 Broadway St &nbsp; South Boston
","Springbrook Farm, Freitas Farm"
SoWa,485 Harrison Ave.,South End,2118,May 5 - Oct 27,Sunday,10am - 4pm,No,No,"485 Harrison Ave South End
",
